name,price
Apple iPad Air/2/Pro/mini 4/3/2 Ultra Thin Bluetooth Keyboard Case, 169.00
iPad 2 3 4 Air 2 Mini 1 2 3 4 Pro 360° Rotate Rotating Leather Case, 17.90
Apple Ipad Pro 9.7 Ipad Air 2 Ipad Mini 4 2 3 Leather Flip Cover Case, 24.90
Apple iPad Pro 2017 9.7 Air 2 mini 4 3 2 Premium Smart Cover Flip Case, 25.99
iPhone 4 5 5S 5SE 6 6S iPad Mini 2 3 4 Air 2 iPad Pro Tempered Glass, 10.00
â?? Mocoll Tempered Glass Screen Protector 2.5D iPad Pro 10.5 201, 159.00
â?? Urban Armor Gear UAG Metropolis case iPad Pro 9.7 (2016), 199.00
Apple 12.9-inch iPad Pro Wi-Fi 512GB (Apple Warranty)," 4,849.00"
Apple 12.9-inch iPad Pro Wi-Fi + Cellular 512GB (Apple Warranty)," 5,499.00"
Apple 12.9-inch iPad Pro Wi-Fi 256GB (Apple Warranty)," 3,949.00"
Apple 12.9-inch iPad Pro Wi-Fi + Cellular 256GB (Apple Warranty)," 4,599.00"
Apple 12.9-inch iPad Pro Wi-Fi 64GB (Apple Warranty)," 3,499.00"
Apple 12.9-inch iPad Pro Wi-Fi + Cellular 64GB (Apple Warranty)," 4,149.00"
Apple 10.5-inch iPad Pro Wi-Fi 512GB (Apple Warranty)," 4,349.00"
Apple 10.5-inch iPad Pro Wi-Fi + Cellular 512GB (Apple Warranty)," 4,999.00"
Apple 10.5-inch iPad Pro Wi-Fi 256GB (Apple Warranty)," 3,449.00"
Apple 10.5-inch iPad Pro Wi-Fi + Cellular 256GB (Apple Warranty)," 4,099.00"
Apple 10.5-inch iPad Pro Wi-Fi 64GB (Apple Warranty)," 2,999.00"
Apple 10.5-inch iPad Pro Wi-Fi + Cellular 64GB (Apple Warranty)," 3,649.00"
Apple Smart Keyboard for 10.5-inch iPad Pro (US English) - MPTL2ZA/A, 699.00
BASEUS iPad 9.7 2017 Pro 9.7 HD Crystal 9H 2.5D 0.3MM Tempered Glass, 38.00
STM Studio iPad 5th Gen / iPad Pro 9.7 Inch / iPad Air 1-2 Case, 159.00
BASEUS iPad 9.7 2017 Pro 9.7 HD 9H 2.5D ANTI-BLUE Tempered Glass Film, 47.00
Apple iPad Pro 9.7 Inch Wi-Fi 128GB (Apple Warranty)," 3,099.00"
Apple iPad Pro 12.9 Inch Wi-Fi 32GB (Apple Warranty)," 3,499.00"
DJI Mavic Pro Tablet Holder for Remote Control Hold 4 - 12 Inch Tablet iPad Ta, 89.00
iPhone ipad mini air Pro 4 5 5S SE 6 6 7 plus Mirror Tempered Glass, 2.30
Griffin Survivor Slim Case For iPad Pro - Black (GB40362), 198.00
STM Dux Plus iPad Pro 9.7 Inch Case, 233.20
STM Dux iPad Pro 9.7 Inch Case Black - STM-222-127JX-01, 179.14
STM Dux iPad Pro 12.9 Inch Case Black - STM-222-127L-01, 212.00
Apple USB-C to Lightning Cable (1m) for Iphone ipad air 1 2 Pro Fast Charge ca, 89.00
iPad Pro 9.7 ROCK Veena SMART Flip Stand Leather Case Cover *FREE, 49.84
STM Atlas iPad Pro Case 9.7 Inch, 222.60
STM Atlas iPad Pro Case 12.9 Inch, 254.40
â?? STM: atlas iPad Pro Case (Fabric Cover & Apple Pen Storage), 254.00
Apple iPhone iPad Mini air 2 3 4 5 6 6s 7 Plus Pro Tempered Glass, 5.90
APPLE IPAD MINI 1 2 3 4 IPAD AIR 2 PRO 9.7 Tough ARMOR KICKSTAND Case, 29.90
Apple Pencil For iPad Pro - MK0C2ZA-A, 449.00
Mipad/Ipad Air/Ipad Air 2/Ipad mini 1/2/3 Smart Case Casing+Screen Pro, 20.10
IPad Mini 1 2 3 4 IPad 2 3 4 Air 2 Pro 9.7 Smart GOLD Standable Case, 19.90
Apple iPad Pro 10.5 2017 Smart Case Cover Casing +Free Tempered Glass, 56.90
iPad Pro 9.7' 12.9' Flip Smart Case Cover Casing + Screen Protector, 58.90
REMAX Super Strong USB Fast Charging Cable Apple iPad Pro Air Mini 2 4, 18.98
(ORIGINAL) Apple iPad PRO 9.7 WIFI 32GB," 2,699.00"
CABSTONE 8A 5 USB-C Fast Charger Apple iPad Air Mini PRO 4 3 2 1, 229.00
Think Tank Photo My 2nd Brain 13-fit a MacBook Pro/Air® 13â?? + any iPad, 475.00
Ready Stock@ iPad Pro 10.5 2017 9H Tempered Glass Screen Protector, 28.90
iPhone 4 5 5S 6 7 Plus iPad mini pro Anti Blue Ray Light Tempered Glass, 9.98
CABSTONE 6A 2 USB-C Fast Charger Apple iPad Air Mini PRO 4 3 2 1, 169.00
100% ORIGINAL 12W USB Charger Adapter Head A1401 Apple iPad Air 2 Pro, 62.98
100% ORIGINAL 12W Charger A1401 USB Cable Apple iPad Air 1 2 Pro ~3Pin, 89.98
ORIGINAL 12000mAh Vivis VTB-80B LED Power Bank iPad Pro Air Mini 1 2 3, 92.98
20000mAh Vivis LED Display Dual 2.1A Power Bank iPad Air Pro mini 2 4, 169.98
100% ORIGINAL USB Charging Data Cable Apple iPad Pro /Air 2 /mini 3 4, 36.98
MiraScreen OT7571 HDTV TV HDMI WiFi Cable iPad Pro Air mini ~Wireless, 132.98
iPad Pro 9.7 UAG Rugged Folio Case - Original , 199.00
iPad Pro 9.7 Tempered G;lass Screen Protector , 38.00
iPad Pro 9.7 Tempered Glass Screen Protector, 38.00
(ORIGINAL) Apple iPad PRO 9.7 32GB 128GB WIFI / 4G LTE," 2,669.00"
(ORIGINAL) Apple iPad PRO 9.7 256GB WIFI / 4G LTE," 3,419.00"
Genuine Certified 12W Charger USB Sync Data Cable Apple iPad Pro Air 2, 89.98
ORIGINAL USB Lightning Cable Apple iPhone 7 6S Plus iPad Pro 10.5 12.9, 33.98
Apple iPad Pro 12.9' Flip Smart Case Cover Casing + Screen Protector, 53.90
AAA OEM EarPods Earphone Handsfree Apple iPhone 6S 6 Plus 5S iPad Pro, 23.98
APPLE IPAD MINI AIR 2 3 4 6 PRO Leather Standable Flip Case Cover, 69.90
ipad pro 12.9 3d relief case casing cover HIGH Quality, 119.00
ipad pro 12.9 aluminium keyboard case casing cover, 399.00
ipad pro 12.9 Bluetooth keyboard case casing cover, 199.00
ipad pro 12.9 korea case casing cover, 79.00
SUPCASE iPad Pro 12.9 armor case casing cover, 299.00
ipad pro 12.9 korea casing cover case, 89.00
ipad pro 12.9 casing cover case with stand, 89.00
Apple iPad Air Air2 5 6 Pro 9.7 Wood Pattern Flip Case Cover Casing, 40.00
Apple Ipad Air2 Mini2 Pro 9.7 Drop Resistance Flip Case Cover Casing, 45.00
Apple Ipad Air Air2 Pro 9.7 Flip Case Cover Casing+Tempered Glass, 59.90
Apple Ipad Air Air2 Pro 9.7 Flip Case Cover Casing, 59.90
â?? Mocoll Tempered Glass Screen Protector 2.5D iPad Pro 10.5 2017, 159.00
Gview Apple iPad Pro 9.7 3D Relief Flip Case Cover Casing + Free Gift, 72.90
BGR Apple iPad Pro iPadPro 9.7 Flip Case Cover Casing + Tempered Glass, 68.90
Apple iPad Pro 12.9' 2017 New Version Flip Smart Case Cover Casing, 65.90
Ranvoo Apple iPad Pro 10.5 2017 Flip Smart Stand Case Cover Casing, 75.90
Apple iPad Pro 10.5 2017 Flip Cartoon Stand Case Cover Casing, 45.90
Touch Screen LCD Skrin Glue E9000 iPad 2 3 4 Air Mini 2 3 Pro Sticker, 1.50
Apple New iPad 2017 2 3 4 Air 2 Air2 Pro 9.7 10.5 9H Tempered Glass, 34.90
Cartoon Design Apple iPad Pro iPadPro 9.7 Flip Stand Case Cover Casing, 49.90
Apple iPad Pro iPadPro 9.7 12.9 Flip Stand Case Cover Casing + Free SP, 48.90
100% Rock Apple iPad Pro iPadPro 9.7 inch Flip Smart Case Cover Casing, 72.90
CABSTONE 6A 3 USB QC Fast Charger Apple iPad Air Mini PRO 4 3 2 1, 159.00
Hello Kitty iPad Pro 2017 10.5 Smart Case Cover Casing +Tempered Glass, 68.90
DUX DUCIS Apple iPad Air 2 Pro 9.7 10.5 2017 Smart Case Cover Casing, 58.90
Uniq Transforma Heritage Gardesuit Case for Apple iPad Pro 10.5 2017, 239.00
CABSTONE 3.4A 2 USB Smart IC Charger Apple iPad Air Mini PRO 4 3 2 1, 99.00
Uniq Kanvas Series Easy Folding Case for Apple iPad Pro 10.5 2017, 169.00
New iPad Pro Air Mini 2 3 4 5 6 9.7 12.9 Tempered Glass Protector, 9.90
Ready Stock UAG Metropolis Case for Apple iPad Pro 10.5 2017 , 199.00
Apple iPad Air 2 Pro 9.7 iPhone 6S 7 Plus Canvas Bag Case Cover Casing, 42.90
LENUO iPad Air Surface RT PRO 2 3 Shoulder Messenger Pouch Bag Case , 89.90
Armor Rugged Military Casing Case Cover iPad Pro 9.7 & 12.9 inch, 179.80
Apple iPad Pro 9.7' Flip Smart Handle Case Cover Casing + Free Gift, 65.90
Apple iPad Air 2 Pro 9.7 Canvas ShockProof Bag Case Cover Casing, 45.90
Apple iPad Pro 9.7 12.9 Ultra Thin Transparent Case Cover Casing, 36.90
Apple iPad Pro 9.7 Silicone Protective Soft Case Casing Cover, 62.80
Apple iPad Pro 9.7 Silicone Protective Child Soft Case Casing, 58.80
Apple iPad Pro 9.7 (10 inch case) Protective Sleeve Case Casing  , 45.00
Apple iPad Pro 9.7 inch Protective Leather Case Casing, 52.80
iPad Pro 12.9 inch Silicone Hard Standing Casing Case Cover , 65.90
 IPad Pro/mini2/3/4 transparent silicone soft shell sleeve, 49.90
Apple iPad mini/air/pro Literary Cat protective sleeve holster, 49.90
SUPCASE iPad Pro protective sleeve 9.7/12.9 inch, 159.90
Apple iPad Pro thin silicone protective Case, 49.90
Ipad Pro 12.9-inch protective cover back shell cover, 89.90
Apple iPad Pro 9.7 inch Protective Leather Case Casing Cover, 52.80
Apple iPad Pro 9.7 (10 inch case) Protective Sleeve Case Casing Cover, 57.80
Apple iPad Pro 9.7 Silicone Protective Child Soft Case Casing Cover, 58.80
Apple iPad Pro 9.7 Silicone Protective Soft Case Casing Cover Cover, 62.80
Qcase Apple iPad 9.7 Pro 10.5 2017 Flip Smart Case Cover Casing , 53.90
OTTERBOX Defender Tablet Case Heavy Duty Rugged | Apple iPad PRO 12.9', 499.00
OTTERBOX Defender Tablet Case Heavy Duty Rugged | Apple iPad PRO 9.7', 369.00
OTTERBOX Symmetry Hybrid Slim Tough Case  | Apple iPad PRO 9.7', 369.00
Hello Kitty iPad Pro 9.7 12.9' Flip Case Cover Casing + Tempered Glass, 58.90
iPad Pro 9.7-inch 32GB WIFI - ROSE GOLD," 2,250.00"
Cow Leather Apple iPad Pro iPadPro 9.7 12.9 Flip Case Cover Casing +SP, 93.90
Ready Stock@ Apple iPad Pro iPadPro2 9.7 Flip Case Cover Casing + Gift, 43.90
Apple iPad 9.7 Pro 10.5 2017 Flip Smart Silicone Case Cover Casing, 39.90
Apple iPad Pro 9.7 12.9 Air 2 Fabric Liner Bag Case Cover Casing, 38.90
Child Proof Anti-drop Strong Casing Case Cover iPad Pro 9.7 inch, 87.90
Ranvoo Apple iPad Pro 9.7 Flip Stand Case Cover Casing + Free SP, 83.90
Apple iPad Pro iPadPro 9.7 12.9 inch Flip Smart Case Cover Casing, 67.90
CABSTONE 7.2A 4 USB Car Quick Charger Apple iPad Air Mini PRO 4 3 2 1, 109.00
CABSTONE 6A 4 USB-C Car Quick Charger Apple iPad Air Mini PRO 4 3 2 1, 129.00
Clearance Sales:: Logitech CREATE Backlit KB Case for iPad Pro 9.7, 459.00
Zoyu Apple iPad Pro iPadPro2 9.7 Flip Case Cover Casing + Free SP, 45.90
Apple iPad Pro thin silicone protective Case, 49.90
Children Silicone casing case cover iPad Air 1/2 Pro 9.7 mini 1/2/3/4 , 98.80
Children Silicone casing case cover iPad Air 1/2 Pro 9.7 mini 1/2/3/4 , 98.80
PU Leather Soft Casing Case Cover for iPad Pro 10.5 inch, 57.80
PU Leather Soft Casing Case Cover for iPad Pro 10.5 inch, 57.80
IPad PRO 9.7 Fit Premium Case - Blue, 59.00
IPad PRO 9.7 Fit Premium Case - Black, 59.00
100% Original Momax Apple iPad Pro 9.7 Flip Smart Cover Case Casing, 103.90
Baseus Apple iPad Pro iPadPro 9.7 Flip Smart Stand Case Cover Casing, 68.90
"Casing Case Cover Bag for Apple iPad 2017, Air 1/2,  Pro 9.7 inch", 68.80
"10 inch Table Casing Case Cover Bag for Apple iPad 2017, Air 1/2,  Pro", 58.80
"10 inch Table Casing Case Cover Bag for Apple iPad 2017, Air 1/2,  Pro", 58.80
TPU Wood Grain Texture casing case cover for iPad 2017 / Pro 9.7 inch, 54.90
TPU Wood Grain Texture casing case cover for iPad 2017 / Pro 9.7 inch, 54.90
CABSTONE QC 3.0 USB Car Quick Charger Apple iPad Air Mini PRO 4 3 2 1, 59.00
CABSTONE QC 3.0 2-USB Car Quick Charger Apple iPad Air Mini PRO 4 3 2 , 89.00
APPLE IPAD MINI AIR 2 3 4 6 PRO Leather Standable Flip Case Cover, 69.90
Original Apple iPad Pro 9.7 UAG Rugged Folio Case, 199.00
Apple iPad Pro 9.7 Tempered Glass Screen Protector, 38.00
â?? Urban Armor Gear UAG Metropolis case iPad Pro 10.5 (2017), 199.00
ORIGINAL UAG URBAN ARMOR GEAR METROPOLIS CASE IPAD PRO 10.5 INCH 2017, 199.00
DEMO: Apple iPad Pro WIFI 16GB (GREY) - (GRADE A)," 2,599.00"
iPad Pro 9.7 Tempered Glass Screen Protector, 38.00
Apple iPad Pro 12.9' Monocozzi Lucid series Translucent Folio , 199.00
iPad Pro 9.7 Rock Veena series Leather Case with Sleep Mode - Original, 77.99
iPad Pro 9.7 (2017) BASEUS Anti-Blue 0.3mm Tempered Glass Protector, 47.00
IPAD PRO 10.5 (2017 ) A1701 A1709 CLEAR SCREEN PROTECTOR, 20.00
IPAD PRO 10.5 (2017 ) A1701 A1709 TABLET PU CASE, 45.00
 IPAD PRO 10.5 (2017 )  A1701 A1709 TABLET ROTATION PU CASE, 45.00
IPAD PRO 10.5 (2017 ) A1701 A1709  TABLET TPU CASE, 30.00
7PCS MAGNETIC SCREWDRIVER FOR APPLE IPHONE / IPAD / MAC / AIR / PRO, 89.99
"Armor Though Drop Proof Casing Case Cover for iPad Pro 9.7""", 155.80
"Armor Though Drop Proof Casing Case Cover for iPad Pro 9.7""", 155.80
"Bdotcom = Apple iPad Pro 12.9"" Rock Touch series Leather Case", 99.00
7PCS MAGNETIC SCREWDRIVER FOR APPLE IPHONE / IPAD / MAC / AIR / PRO, 110.00
iPad Pro 9.7 Classic Leather Case, 22.90
MONOCOZZI Car Tablet Holder Apple iPad Air Mini PRO 4 3 2 1, 109.00
Apple iPad Pro 12.9' Monocozzi Lucid series Translucent Folio, 199.00
IPAD PRO 9.7 INCH TABLET TPU CASE, 25.00
IPAD PRO 9.7 INCH TABLET ROTATION PU CASE, 35.00
IPAD PRO 9.7 INCH TABLET  PU CASE, 35.00
IPAD PRO 9.7 INCH CLEAR SCREEN PROTECTOR, 20.00
ipad pro 9.7-inch silicon protective cover, 49.09
â?? STM Studio iPad 5th Gen / iPad Pro 9.7' / iPad Air 1-2 Case, 159.00
IPAD AIR 1 / 2 / PRO 9.7 Premium Tempered Glass Screen Protector EASY, 69.00
Apple iPad Pro Tempered Glass Screen Protector 2.5D 9H Super Hardness, 59.00
Apple iPad Pro 9.7 Rock Veena series Leather Case with Sleep Mode, 77.99
CAPDASE 4 USB Charger 4.2A Fast Charge Apple iPad Air Mini Pro 4 3 2, 209.00
AVANTREE 4 USB Charger 4.5A Fast Charge Apple iPad Air Mini Pro 4 3 2, 112.00
AVANTREE 4 USB Charging Station 4.5A Apple iPad Air Mini Pro 4 3 2, 112.00
AVANTREE 6 USB Charger 8A Fast Charge Apple iPad Air Mini Pro 4 3 2, 130.00
AVANTREE 6 USB Charging Station 8A Apple iPad Air Mini Pro 4 3 2, 130.00
AVANTREE 5 USB Charger 8A Power strip Apple iPad Air Mini PRO 4 3 2 1, 148.00
AVANTREE 5 USB Charger 8A Extension Wire Plug Apple iPad Air PRO 3 2 1, 148.00
AVANTREE USB Charging Station 9.6A Fast Charge Apple iPad Air PRO 3 2, 128.00
AVANTREE 5 USB Charger 9.6A Fast Charge Apple iPad Air Mini PRO 4 3 2, 128.00
AVANTREE USB Charging Station 8A Apple iPad Air Mini PRO 4 3 2 1, 130.00
AVANTREE 4 USB Charger 8A Fast Charge Apple iPad Air Mini PRO 4 3 2 1, 130.00
CAPDASE 4 USB Car Charger 6.2A Apple iPad Air Mini PRO 4 3 2 1, 159.00
PISEN USB Lightning Cable YL Apple iPad Air Mini PRO Retina 4 3 2 1, 25.00
PISEN USB Lightning Cable BL Apple iPad Air Mini PRO Retina 4 3 2 1, 25.00
AVANTREE 3 USB Car Charger 4.8A Apple iPad Air Mini PRO 4 3 2 1, 52.00
AVANTREE Universal Adapter Plug USB Charger Apple iPad Air PRO 4 2 1, 52.00
AVANTREE International Adapter USB Charger Apple iPad Air PRO 4 2 1, 52.00
CAPDASE USB Charger 2A+Lightning Cable Apple iPad Air Mini PRO 4 3 2 1, 135.00
AVANTREE USB Charger 3A Fast Charge Apple iPad Air Mini PRO 4 3 2 1, 48.00
CAPDASE USB Car Charger 3A PowerDrive Apple iPad Air Mini PRO 4 3 2 1, 99.00
CAPDASE Car Charger Cup Holder 3.1A Apple iPad Air Mini PRO 4 3 2 1, 219.00
AVANTREE 2 USB Car Charger 3A Apple iPad Air Mini PRO 4 3 2 1, 33.00
AVANTREE USB Lightning Cable Keychain Apple iPad Air Mini PRO 4 3 2 1, 35.00
MCDODO Micro+Lightning USB Cable BL Apple iPad Air Mini PRO 4 3 2 1, 26.00
MCDODO Micro+Lightning USB Cable RD Apple iPad Air Mini PRO 4 3 2 1, 26.00
MCDODO Micro+Lightning USB Cable W Apple iPad Air Mini PRO 4 3 2 1, 26.00
AVANTREE 3.4A Universal 2 USB Charger Apple iPad Air Mini PRO 4 3 2 1, 70.00
MCDODO Beetle Micro+Lightning USB Cable BK Apple iPad Air Mini PRO 4 3, 24.00
MCDODO Beetle Micro+Lightning USB Cable BL Apple iPad Air Mini PRO 4 3, 24.00
MCDODO Beetle Micro+Lightning USB Cable RD Apple iPad Air Mini PRO 4 3, 24.00
MCDODO Beetle Micro+Lightning USB Cable W Apple iPad Air Mini PRO 4 3, 24.00
MCDODO Beetle Micro+Lightning USB Cable YL Apple iPad Air Mini PRO 4 3, 24.00
MCDODO MCA180 Lightning+Micro USB Cable BK Apple iPad Air Mini PRO 4 3, 33.00
MCDODO MCA180 Lightning+Micro USB Cable BL Apple iPad Air Mini PRO 4 3, 33.00
MCDODO MCA180 Lightning+Micro USB Cable W Apple iPad Air Mini PRO 4 3, 33.00
AVANTREE 5.4A QC 3.0 Fast Car Charger Apple iPad Air Mini PRO 4 3 2 1, 75.00
MCDODO CA187 Lightning+Micro USB Cable BK Apple iPad Air Mini PRO 4 3, 28.00
MCDODO CA187 Lightning+Micro USB Cable BL Apple iPad Air Mini PRO 4 3, 28.00
MCDODO CA187 Lightning+Micro USB Cable PK Apple iPad Air Mini PRO 4 3, 28.00
MCDODO CA187 Lightning+Micro USB Cable W Apple iPad Air Mini PRO 4 3, 28.00
MCDODO CA189 Lightning+Micro USB Cable GD Apple iPad Air Mini PRO 4 3, 35.00
MCDODO CA189 Lightning+Micro USB Cable GY Apple iPad Air Mini PRO 4 3, 35.00
MCDODO CA189 Lightning+Micro USB Cable W Apple iPad Air Mini PRO 4 3, 35.00
MCDODO Type-C+Lightning+Micro USB Cable Apple iPad Air Mini PRO 4 3 2, 25.00
MCDODO Split Type-C+Lightning+Micro USB Cable Apple iPad Air Mini PRO, 27.00
MCDODO WV Type-C+Lightning+Micro USB Cable Apple iPad Air Mini PRO, 38.00
LENUO iPad Air Surface RT PRO 2 3 Shoulder Messenger Pouch Bag Case, 106.90
Apple 29W Magsafe USB-C Power Adapter for Macbook & iPad Pro, 159.00
DDC APPLE iPad Pro 9.7 Smart Cover Case, 19.90
LOGITECH Case iPad Pro CREATE Backlit (920-007728) BLACK, 598.90
7PCS MAGNETIC SCREWDRIVER FOR APPLE IPHONE / IPAD / MAC / AIR / PRO, 110.00
FOC Clear SP Apple iPad Pro 9.7 12.9 PU Leather Flip Case Cover Casing, 46.00
7PCS MAGNETIC SCREWDRIVER FOR APPLE IPHONE / IPAD / MAC / AIR / PRO, 110.00
"AMAZINGthing iPad Pro 9.7"" 0.33mm SupremeGlass", 99.00
JAKEMY PRO OPENING TOOLS FOR IPHONE 6 PLUS 6 5S 5C / IPAD AIR , 36.00
Apple iPad Pro 9.7 Tempered Glass Protector + FREE Lightning USB Cable, 33.00
APPLE IPAD MINI AIR 2 3 4 6 PRO Leather Standable Flip Case Cover, 69.90
Apple IPhone 7 7 Plus 6 5 4 IPad Mini Air Pro Tempered Glass Screen Protector, 12.00
GENUINE BASEUS iPad Pro 12.2 Smart Sleeping Leather Case Cover, 65.00
Ferris Wheel 3 in 1 Total Protection Outdoor Tablet Case iPad Pro 9.7, 49.90
iPad PRO 12.9 Inch Canvas Fabric Stand Folio Case - Blue, 79.00
iPad PRO 12.9 Inch Canvas Fabric Stand Folio Case - Dark Blue, 79.00
iPad PRO 12.9 Inch Canvas Fabric Stand Folio Case - Grey, 79.00
IPAD Air (5) IPAD AIR 2(6) IPAD PRO 9., 49.00
STM Dux for iPad Pro (Black), 212.80
STM Dux Plus for iPad Pro 9.7' (Blue), 233.80
STM Dux Plus for iPad Pro 9.7' (Red), 233.80
STM Dux for iPad Pro 9.7' (Black), 233.80
7PCS MAGNETIC SCREWDRIVER FOR APPLE IPHONE / IPAD / MAC / AIR / PRO, 110.00
Apple iPad 2 3 4 Air 2 Air2 Pro 9.7 9H High Defintion Tempered Glass, 33.80
Apple iPad Pro 9.7 12.9 Ultra Thin Transparent Case Cover Casing, 35.80
Apple iPad Pro 9.7 12.9 Air 2 Fabric Liner Bag Case Cover Casing, 37.80
Roar New iPad Air Mini 1 2 3 4 5 6 Pro 9.7 12.9 Wallet PU Leather Case, 29.90
Griffin Survivor Slim Case For iPad Pro - Pink / Grey (GB40363), 198.00
Griffin Survivor Slim Case For iPad Pro - Pink / Grey (GB41876), 188.00
Griffin Survivor Slim Case for iPad Pro - Black / Blue (GB40364), 158.00
Apple Ipad Pro 9.7 12.9 Leather flip case stand cover casing +SP +gift, 38.90
APPLE IPAD MINI AIR 2 3 4 6 PRO Leather Standable Flip Case Cover, 69.90
"Apple HD Tempered  IPHONE 5,6,7 AND IPAD mini,air,Pro Screen Protector", 24.00
High Quality Smart Cover Slim Fit Stand Case for iOS Apple iPad Pro 9.7'' - Gol, 40.00
High Quality Smart Cover Slim Fit Stand Case for iOS Apple iPad Pro 9.7'' - Bla, 40.00
High Quality Smart Cover Slim Fit Stand Case for iOS Apple iPad Pro 9.7'' - Blu, 40.00
High Quality Smart Cover Slim Fit Stand Case for iOS Apple iPad Pro 9.7'' - Red, 40.00
High Quality Smart Cover Slim Fit Stand Case for iOS Apple iPad Pro 13'' - Blac, 45.00
High Quality Smart Cover Slim Fit Stand Case for iOS Apple iPad Pro 13'' - Blue, 45.00
High Quality Smart Cover Slim Fit Stand Case for iOS Apple iPad Pro 13'' - Red, 45.00
High Quality Smart Cover Slim Fit Stand Case for iOS Apple iPad Pro 13'' - Gold, 45.00
REMAX Transformer Series Case iPad Pro 12.9, 39.90
7PCS MAGNETIC SCREWDRIVER FOR APPLE IPHONE / IPAD / MAC / AIR / PRO, 106.00
Ipad Pro 9.7 12.9 round edge Tempered glass 9H anti scatch, 35.00
Shockproof Bag Sleeve for iPad Pro Liner Cases for Laptop Macbook, 98.50
Apple Ipad Pro 12.9 9.7 Leather flip case stand cover casing +SP+gift, 38.90
Tempered Glass Apple Ipad Air Pro 9.7, 13.00
Apple Ipad Pro Air Mini 1 2 3 4 CARBON Fiber Back Screen Protector, 8.90
New iPad Air Mini 1 2 3 4 5 6 Pro 9.7 12.9 Transparent Case Cover, 9.90
BASEUS iPad Air Pro Mini 2A ANTI BREAK & KNOTTED Metal USB Data Cable, 24.00
Apple Ipad Mini 1/2/3 Ipad 2/3/4/5 Ipad Air 1/2/3 Ipad Pro Tempered Glass, 18.90
Hoco UPL12 Lightning 8Pin Charge Sync USB Jelly Cable for iPhone 6s/iPad Pro/i, 23.00
IPAD PRO 12.9 INCH  A1562 TABLET TPU CASE- NO WARRANTY, 35.00
Apple Ipad Pro 9.7 Ipad Air 2 Ipad Mini 4 2 3 Leather Flip Cover Case, 74.90
Lovemei POWERFUL FOR iPad Pro 9.7, 170.00
"THULE ATMOS X3 CASE FOR 12.9"" IPAD PRO - BLACK / DARK SHADOW", 369.00
"Ipad mini 2 3 4 / pro 12.9"" tablet bag case cover", 29.90
Ipad Pro 12.9' / Pro 9.7' tempered glass screen protector, 39.90
Apple iPad Air / iPad Air 2/Ipad Pro 9.7 Glass Screen Protector, 13.00
IPad Mini 1 2 IPad 2 3 4 Air 2 Pro Smart Cover GOLD Standable Case, 19.90
iPhone 4 5 5S 5SE 6 6S iPad Mini 2 3 4 Air 2 iPad Pro Tempered Glass, 10.00
Baseus iPad Pro AutoWakeup Flip Stand Case Cover Casing, 86.80
2 in 1 Hoco Cow Leather iPad Pro Smart Keyboard Case Cover Casing Bag, 218.90
QinD Apple iPad Pro 12.9inch Card Slot Flip Smart Case Cover Casing, 78.80
Apple iPad Pro 12.9' Flip Smart Case Cover Casing + Screen Protector, 53.80
Zoyu iPad Pro Flip Smart Case Cover Casing +Free Screen Protector, 63.80
MacBook Air 14 Pro Case Cover Casing Laptop iPad Air 2 Sleeve Bag, 96.80
100% Rock Apple iPad Pro ShakeProof Case Cover Casing Package Bag?, 99.80
Zoyu Apple iPad Pro iPadPro2 9.7 Flip Case Cover Casing + Free SP, 45.50
BGR Apple iPad Pro iPadPro 9.7 Flip Case Cover Casing + Tempered Glass, 68.50
Gview Apple iPad Pro 9.7 3D Relief Flip Case Cover Casing + Free Gift, 72.50
100% Rock Apple iPad Pro iPadPro 9.7 inch Flip Smart Case Cover Casing, 72.50
Apple iPad Pro iPadPro 9.7 12.9 Flip Stand Case Cover Casing + Free SP, 48.50
Cartoon Design Apple iPad Pro iPadPro 9.7 Flip Stand Case Cover Casing, 49.50
100% Original Momax Apple iPad Pro 9.7 Flip Smart Cover Case Casing, 103.50
Baseus Apple iPad Pro iPadPro 9.7 Flip Smart Stand Case Cover Casing, 68.50
Apple iPad Pro iPadPro 9.7 12.9 inch Flip Smart Case Cover Casing, 67.50
Ranvoo Apple iPad Pro 9.7 Flip Stand Case Cover Casing + Free SP, 83.50
Apple iPad Pro 9.7' Flip Smart Handle Case Cover Casing + Free Gift, 65.50
Cow Leather Apple iPad Pro iPadPro 9.7 12.9 Flip Case Cover Casing +SP, 93.80
Apple iPad Air 1 2 Pro 9.7' Flip Stand Smart Case Cover Casing, 52.80
Original Rock iPad Pro 12.9' Ultra SlimFlip Leather Case Cover Casing, 83.80
APPLE IPAD PRO AIR MINI 1 2 3 4 CARBON FIBER BACK Screen Protector, 9.90
"TUCANO LUNA REFLECTIVE BACKPACK FOR IPAD PRO AND MACBOOK PRO 13""", 190.00
[iPad Pro 12.9] Ori Spigen Glas tR Slim Tempered Glass - iPad Pro 12.9, 149.00
[Ori] Spigen Glas tR Slim Tempered Glass - iPad Pro 12.9 â??, 149.00
IPAD PRO 12.9 INCH CLEAR SCREEN PROTECTOR, 25.00
IPAD PRO 12.9 INCH ROTATION TABLET PU CASE, 55.00
Remax RT-W02 Laptop Cooling Stand Below 15 Inch Laptop iPad Pro Tab, 29.90
iPad Pro MOMAX Flip Cover, 135.00
iPad Pro ROCK Touch series, 103.00
ROCK Tempered Glass Screen Protector (iPad Pro 12.2), 99.00
ipad Pro 12.9 Pos Stand  , 350.00
"APPLE IPAD PRO 9.7"" TEMPERED GLASS", 35.00
"APPLE IPAD PRO 12.9"" TEMPERED GLASS", 39.00
Flip case for ipad as below: ipad pro 9.7 inch ipad air 2 ipad 2 , 49.90
KAKUSIGA iPad Pro 9.7 Flip Book Cover Leather Stand Case, 49.90
LOGITECH CREATE KEYBOARD CASE IPAD PRO 9.7 (ONLY WALK-IN NO POSTAGE) , 550.00
GRIFFIN SURVIVOR SLIM FOR IPAD PRO 9.7-INCH, 260.00
GRIFFIN SURVIVOR ALL-TERRAIN FOR IPAD PRO 9.7-INCH AND IPAD AIR 2, 260.00
GRIFFIN SURVIVOR SLIM FOR IPAD PRO 12.9-INCH, 280.00
SAMDI Wooden Mini Charger & Holder for Apple iPad Pro Pencil Charger, 98.50
Premium Guard Privacy Filter for Ipad pro 12â??, 249.00
Premium Guard Privacy Filter for Ipad pro 9.7, 199.00
MT. APPLE TABLET IPAD PRO 12.9â?? WIFI 32GB DUAL2.26 4GB 2372X2048," 3,499.00"
MT. APPLE TABLET IPAD PRO 12.9â?? WIFI 128GB DUAL2.26 4GB 2372X2048," 3,899.00"
MT. APPLE TABLET IPAD PRO 12.9â?? WIFI + 4G 128GB DUAL2.26 4GB 2372X2048," 4,499.00"
MT. APPLE TABLET IPAD PRO 9.7â?? WIFI 32GB DUAL2.16 2GB 2048X1536," 2,599.00"
@Clear SP iPadPro  iPad Pro 12.9 PU Leather Flip Case Cover Casing , 63.00
Apple 29W USB-C Power Adapter for Macbook  &amp; iPad Pro (fast charge support, 229.00
Apple iPad Pro 9.7 iPadPro 12.9 PU Leather Cover Casing Case , 62.00
Apple iPAD Pro 9.7 iPadPro 12.9 PU Leather Case Cover Casing , 62.00
iPad Pro 9.7 FLAG SMART 360 Rotate Flip Leather Case Cover *FREE, 29.00
Genuine ROCK SPACE veena series leather flip case ultra slim Ipad Pro 9.7, 79.00
iPad Pro 9.7 360 Rotate Flip Fold Stand Leather Case Cover *FREE, 28.00
iPad Pro 9.7 SMART SILK Fold Flip Stand Leather Case Cover *FREE, 28.00
iPad Pro 9.7 Apple Logo SMART Flip Fold Leather Case Cover *FREE, 34.00
iPad Pro 9.7 SMART Official Slim Flip Stand Leather Case Cover *FREE, 30.00
IPAD Air Air 2 Pro Mini 2 3 4 IPhone 5 5s 6 6s 6+ 6s+ KICKSTAND Case, 29.90
iPad Pro 9.7 TOTU SMART Slim Flip Stand Leather Case Cover *FREE, 38.00
iPad Pro 9.7 ROCK Phantom SMART Flip Stand Leather Case Cover *FREE, 62.00
iPad Air Pro Mini 1 2 3 4 ROCK 3in1 Lightning & Micro USB Nylon Cable, 28.00
Apple iPad Pro 12.9 9.7 iPadPro Flip Case Cover Casing, 53.00
MacBook Air 14 Pro Case Cover Casing Laptop iPad Air 2 Sleeve Bag, 89.00
Apple iPad Pro High Defintion 9H Tempered Glass, 39.00
Apple iPad Pro 9.7 High Defintion 9H Tempered Glass, 39.00
Apple iPad Pro 9.7inch iPadPro PU Leather Flip Case Cover Casing, 45.00
Apple iPad Pro 9.7inch PU Leather Flip Case Casing Cover , 46.00
Apple iPad Pro 9.7inch PU Leather Flip Case Cover Casing , 45.00
"â?? X-One,Extreme Shock Eliminator Screen protector iPad Pro", 149.00
"â?? X-One,Extreme Shock Eliminator Screen protector iPad Pro", 149.00
Ipad Pro 12.9 Korea Flip Case Cover Casing + Free Screen Protector, 95.00
APPLE IPAD PRO 9.7 2016 ORIGINAL REMAX Transformer Standable Flip Case, 39.90
Lotiyo Iphone 5s SE 6 6s / plus Ipad Pro Air mini 2 3 4 Bluetooth Sim , 229.00
"â??STM:dux iPad Pro case (Rugged,store the Pencil&brave the bump)", 212.00
â?? STM: atlas iPad Pro Case (Fabric Cover & Apple Pen Storage), 254.00
"â?? STM: dux iPad Pro case (Rugged,store the Pencil & brave the bu", 212.00
Apple Ipad Pro Touch Series Protective Flip Cover Case ROCK, 69.90
APPLE IPAD PRO 9.7 Trendy Standable Wallet Flip Case Cover, 29.90
APPLE IPAD PRO 9.7 2017 MINI 1 2 3 IPAD AIR 1 2 TPU Transparent Case, 12.00
â?? OtterBox Defender Series for Apple iPad Pro (12.9 Inch), 499.00
"Apple iPad Pro iPadPro 12.9"" Flip Case Cover Casing", 49.00
Apple iPad Air Mini 1 2 3 4 Pro 9.7 Crown Diamond Leather Case Casing, 26.00
Iphone 4 5 SE 6 6S Plus iPad Mini 4 Air 2 iPad Pro Tempered Glass, 6.50
Apple iPadpro 9.7 iPad pro 9.7 PU Leather Flip Case Casing Cover , 46.00
Apple iPad Pro 9.7 iPadPro 9.7 PU Flip Case Cover Casing, 48.00
Apple iPad Pro 9.7 iPadPro 9.7 PU Leather Flip Case Cover Casing , 48.00
Apple iPad Pro 9.7 iPadPro PU Leather Flip Case Cover Casing, 49.00
FOC SP-Apple ipad pro 9.7 ipadpro  Flip PU Leather Case Cover Casing, 49.00
Apple iPad pro iPad Pro 9.7 PU Leather Flip Case Cover Casing, 49.00
Apple iPadpro 9.7 iPad pro 9.7 PU Leather Flip Case Cover Casing, 49.00
Apple iPadpro iPad pro 9.7  Flip Case Cover Casing, 46.00
Apple iPadpro iPad pro 9.7 PU Leather Flip Case Cover Casing , 49.00
Apple iPad ipad Pro 9.7 iPadPro  PU Leather Flip Case Cover Casing, 49.00
Fashion Ipad Air Pro 9.7 Mini 4 3 2 1 7-10inch tablet stand holder, 55.00
Apple Ipad Mini 4 1 2 3 Ipad Pro 2 9.7 aluminium Bluetooth keyboard , 109.00
Apple iPad Pro 9.7 Premium Tempered Glass Screen Protector, 65.90
Apple Ipad Pro Pro2 2 9.7 slim HQ  leather flip case cover + sp +gift, 39.80
Apple iPad Pro 9.7 inch ROCK Veena Series Slim Smart Cover Flip Case, 49.99
Apple iPad Pro Air mini 4 3 iPhone 6s 6 Plus SE 5S Lightning USB Cable, 7.99
Apple Ipad Pro 9.7 Ipad Pro2 2 CowBoy Leather flip case Cover +SP+gift, 43.90
REMAX Magic Nano Tempered Glass Screen Protector iPad Pro 12.9, 45.00
REMAX Anti Blue Ray Nano Tempered Glass iPad Pro 12.9 Genuine, 52.00
Galaxy Tab Pro S2 S 8.4 Note iPad mini 4 3 Soft Sleeve Zip Cover Case, 9.99
IPad Mini 4 IPad Pro 9.7 12.9 3D Relief Flip Case Cover + SP + Gift, 60.90
Zoyu Apple iPad Pro iPadPro2 9.7 Flip Case Cover Casing + Free SP+Gift, 42.80
 iPad 2017 mini 1/2/3/4 ipad air 1/2 ipad 2/3/4 ipad pro 9.7 casing, 45.00
Apple iPad Pro ipadpro 9.7  Flip Cover Case Casing +Free Clear SP, 53.00
11:inch Bag for surface RT Pro GALAXY P600 Tab3 N8000 P5200 iPad Air, 69.00
iPad Mini 4 iPad 5 Air 2 iPad PRO 360° Rotate Rotating Leather Case, 19.90
Zoyu iPad Pro 12.9 Flip Smart Case Cover Casing + Free SP, 58.90
IPad Pro Croco Shockproof Hard Rubber Phone Case with Stand, 39.00
Apple ipad mini 4 Ipad Pro Official Original Flip case cover +SP+Gift, 88.00
Apple iPad Pro 9.7 12.9 Screen Protector [ Clear / Matte / Diamond ] , 12.00
REMAX Apple iPad Pro 12.9 inch Smart Cover Flip Case Transformer, 39.99
Apple iPad Pro Air 3 mini iPhone 6 Plus iPod Touch Lightning USB Cable, 7.99
iPad Pro REMAX 9H 2.5D Ultra Thin Magic Real Tempered Glass, 52.00
MacBook Air 14 Pro Case Cover Casing Laptop iPad Air 2 Sleeve Bag, 149.00
Apple iPad Pro iPadPro PU Leather Flip Case Cover Casing+Clear SP, 99.00
Apple Ipad Pro 12.9inch Shockproof Armor Standable Case Cover, 14.90
ROCK IPAD PRO 12.9 Ultra Slim Standable Leather Flip Cover Case, 89.90
APPLE IPAD MINI 1 2 3 4 IPAD PRO MERCURY Canvas Standable Flip Case, 89.90
APPLE IPAD PRO TPU X- Line TPU Silicon Case Cover, 89.90
Apple iPad Mini 1 2 3 4 Pro Silicon Stand Tough Armor Heavy Duty Case, 34.49
Leather Magnet Sleeve Transformer Surface Pro 3 4 Tablet Ipad 10 12.3, 19.90
Apple iPad Pro iPadpro  PU Flip Case Cover Casing+clear SP, 46.00
Remax Apple IPAD PRO 9.7 ORIGINAL Transformer Standable Flip Case, 41.90
[Ori] Orzly - FlexiCase for Apple iPad PRO Tablet (100% Clear), 48.00
iPad Pro 12.9inch Case Cover more patterns, 69.00
APPLE IPAD PRO TPU X- Line TPU Silicon Case Cover, 25.90
MiLi iData PRO USB 3.0 Smart OTG Flash Drive for iPad/iPhone/Android, 199.00
GOR Apple iPad PRO mini 4 Anti Blue-Ray Clear Matte Screen Protector, 7.99
Apple iPad Pro Air mini iPhone iPod Touch Nano EarPods Handsfree AAA, 11.99
"Apple iPad Pro 12.9"" iPadPro 12.9 Rubber TPU Silicon Case Cover Casing", 39.00
Apple iPad Pro iPadPro PU Flip  Case Cover Casing, 38.00
Apple iPad Pro iPadPro PU Leather Flip  Case Cover Casing+Gift, 52.00
Apple iPad 5 6 Air 1 2 Pro iPadPro PU Leather Case Cover Casing +gift, 48.00
ORI GOR APPLE IPAD Pro 12inch Clear Matte Screen Protector, 15.90
APPLE IPAD MINI 1 2 3 4 IPAD PRO MERCURY Canvas Standable Flip Case, 29.90
Apple iPad Mini Air 2 3 4 Pro Tempered Glass Rounded Screen Protector, 22.70
Apple iPad Mini Pro Air 1 2 3 4 Ultra Thin Transparent Soft Case, 20.00
Apple iPad Pro 9.7 2017 Air 2 mini 4 3 Watch 42/38 mm Tempered Glass, 9.99
APPLE IPAD MINI AIR PRO 1 2 3 4 Tempered Glass  Screen Protector, 29.90
Galaxy Tab Pro S 10.5 Note 10.1 iPad Air 2 4 HeadRest Car Mount Holder, 17.99
360 Degree Rotating PU Leather Smart Case Cover - iPad Air 2 iPad Pro, 26.90
Premium iPad 2 3 4 Air 2 Mini 1 2 3 4 Pro Leather Smart Case Free SP, 37.10
iPad Air 2 Pro 9.7 SMART Crown Diamond Flip Leather Case Cover *FREE, 30.00
Apple iPad Pro 9.7 Inch Tempered Glass Protector (0.26MM/9H/Round) , 45.90
iPad 2017 mini 1/2/3/4 ipad air 1/2 ipad 2/3/4 ipad pro 9.7 casing, 55.00
Lightning to HDMI VGA Audio Adapter iPhone 5/6/7 iPad Mini Pro Air, 155.00
Envelope Case for Macbook Air Pro Retina iPad (66008), 43.00
iPad Pro 9.7 Air 2 Mini 1 2 3 4 BASEUS Grace Case Cover 100% Genuine, 34.98
Logitech CREATE Backlit KB Case for iPad Pro 12.9 inch BLK 920007728, 519.00
IPad Pro 12.9 Charging Port Replacement Part, 0.00
IPad Pro 9.7 Volume Replacement Part (Volume Button Flex Cable), 0.00
IPad Pro 9.7 Home Button Replacement Part, 0.00
Apple iPad Air Mini 2 3 4 5 6 Pro 9.7 Smart Cover Leather Case Casing, 20.00
BENKS Magic iPad Mini iPad Air 2 Pro Tempered glass Screen Protector, 75.90
iPad Mini Pro 9.7 1 2 3 4 iPad 2 3 4 5 Air 2 Tempered GLASS Screen, 6.98
IPAD MINI 1 2 IPAD PRO 2 3 4 5 6 AIR Smart Cover Standable Flip Case, 19.90
IPad Pro 12.9 Smart Connector Port Cable Replacement Part, 0.00
IPad Pro 12.9 Battery Replacement Part, 0.00
"Apple Zoyu IPAD 4,air 1/2,mini 2 3 4, Pro, New ipad 2017  Case Cover", 39.00
Apple Ipad Pro 12.9â??/9.7â?? Mocolo Tempered Glass, 49.90
APPLE IPAD 2 3 4 AIR 2 PRO 9.7 Mercury Standable Wallet Flip Case, 29.90
APPLE IPAD MINI AIR 2 3 4 6 PRO Leather Standable Flip Case Cover, 39.90
IPad Pro 9.7 LCD SCREEN REPLACEMENT PART, 0.00
Tempered Glass Screen Protector Apple iPad Pro Mini 2 3 4, 17.99
IPAD Air Pro Mini 1 2 3 4 9.7 Flip Case Cover Casing GOOD QUALITY, 39.00
IPad Pro 9.7 Headphone Jack Replacement Part, 0.00
IPad Pro 12.9 LCD SCREEN REPLACEMENT PART, 0.00
Apple iPad 2 3 4 Air 2 Mini 1 2 3 4 Pro 9.7 Inch Smart Cover Slim Case, 34.90
LOVEMEI Powerful For IPAD Mini Air 1 2 3 4 Pro 9.7 Metal Case Cover, 135.00
Think Tank Photo My 2nd Brain 15-fit MacBook Pro 15â?? & any iPad, 497.00
Logitech Create Backlit Keyboard with Smart Connector iPad Pro 12.9, 599.00
Ori Ipad Pro 9.7 12.9 Lcd + Touch Screen Digitizer Sparepart Repair, 0.00
IPad Pro 9.7 Smart Connector Port Cable Replacement Part, 0.00
IPad Pro 12.9 Microphone Replacement Part, 0.00
IPad Pro 12.9 Headphone Jack Replacement Part, 0.00
IPad Pro 9.7 Charging Port Replacement Part (Lightning Connector), 0.00
IPad Pro 9.7 Microphone Replacement Part, 0.00
IPad Pro 9.7 Power Button Replacement Part (Power Button Flex Cable), 0.00
